{"type": "block", "layer": 0, "block": 0, "features": [{"geom": {"polygons": [[[[-22.49480285905754, 17.166955839710106], [-18.446934574279656, 18.325762892645557], [-18.225043597496303, 17.66029844123961], [-22.169258081463134, 16.439403711401265], [-22.49480285905754, 17.166955839710106]]]], "centroids": [[-20.37419978379714, 17.387289514482056, 4.556316092185782]], "h": 0.3878061553436302}, "mtl": {"face": 0}}]}