{"type": "block", "layer": 1, "block": 3, "features": [{"geom": {"polygons": [[[[-40.91615874159778, 71.93376785583781], [-40.594636364236955, 73.7211581481677], [-40.147273180805136, 76.216651387734], [-39.93661456812734, 77.68788354334512], [-39.24078825938594, 77.61190785909785], [-39.1229119660913, 78.51474560056639], [-36.89708632216804, 79.95985137304754], [-35.671345186228336, 78.103216300708], [-37.1016681538113, 77.15908531124647], [-37.20774695897188, 76.18758995475362], [-35.631824497651685, 75.95356591034397], [-36.26585145243358, 71.97647094638135], [-37.96861713476722, 72.26750950521867], [-38.08594909647964, 71.53622027100657], [-40.91615874159778, 71.93376785583781]]]], "centroids": [[-38.17826967980126, 75.23698561195464, 3.41428270709966]], "h": 0.8531735417559865}, "mtl": {"face": 0, "edge": 1}}, {"geom": {"polygons": [[[[-25.350480750508588, 36.79883638920207], [-24.312921284755213, 37.84799826494106], [-24.202540331901883, 37.74214368649224], [-24.090475586762413, 37.62599072320474], [-24.009338485801912, 37.500500851573236], [-23.927400414338003, 37.35699563527324], [-23.86432513462452, 37.21955467727696], [-23.819180715875447, 37.11133432132672], [-23.780068725430937, 36.99541338284721], [-23.758081161402195, 36.89241319298809], [-23.74467354408058, 36.79029804509402], [-25.350480750508588, 36.79883638920207]]]], "centroids": [[-24.424105806920554, 37.163959628338894, 3.1157457581155144]], "h": 0.6980510796185344}, "mtl": {"face": 0, "edge": 1}}, {"geom": {"polygons": [[[[-26.57316407164728, 37.99156903031668], [-25.534746499081802, 39.04072845080415], [-24.312921284755213, 37.84799826494106], [-25.350480750508588, 36.79883638920207], [-26.57316407164728, 37.99156903031668]]]], "centroids": [[-25.442900377179413, 37.919791959077834, 3.025953744843423]], "h": 0.6980510796185344}, "mtl": {"face": 0, "edge": 1}}, {"geom": {"polygons": [[[[-25.787653658163766, -89.44975584481628], [-22.564420565723314, -89.5629622640068], [-22.46653623900264, -87.66506768398769], [-21.317308156197495, -88.19453446828938], [-21.46285103539406, -90.5039984971274], [-25.46951723269179, -90.3436903907898], [-25.787653658163766, -89.44975584481628]]]], "centroids": [[-22.993632496744006, -89.55261899899067, 3.1182849369066816]], "h": 7.833684337941331}, "mtl": {"face": 0, "edge": 1}}]}